timestamp,machine_id,type,sensor,value,limit_low,limit_high,severity
2026-07-02 08:51:00,CNC-01,SPC_OUT_OF_CONTROL,temperature,74.11,52.223,71.83,MEDIUM
2026-07-02 08:54:00,PRESS-01,SPEC_BREACH,temperature,44.31,45.0,78.0,HIGH
2026-07-02 09:24:00,PRESS-01,SPEC_BREACH,flow_rate,72.9,30.0,72.0,HIGH
2026-07-02 09:46:00,PRESS-01,SPEC_BREACH,flow_rate,73.11,30.0,72.0,HIGH
2026-07-02 09:57:00,PRESS-01,SPEC_BREACH,flow_rate,72.84,30.0,72.0,HIGH
2026-07-02 12:10:00,PRESS-01,SPEC_BREACH,flow_rate,73.23,30.0,72.0,HIGH
2026-07-02 12:57:00,PRESS-01,SPEC_BREACH,flow_rate,76.25,30.0,72.0,HIGH
2026-07-02 13:29:00,PRESS-01,SPEC_BREACH,energy,14.063,5.0,14.0,HIGH
2026-07-02 13:30:00,PRESS-01,SPEC_BREACH,flow_rate,72.76,30.0,72.0,HIGH
2026-07-02 15:49:00,PRESS-01,SPEC_BREACH,pressure,9.533,4.0,9.5,HIGH
2026-07-02 16:09:00,PRESS-01,SPEC_BREACH,flow_rate,73.18,30.0,72.0,HIGH
2026-07-02 16:18:00,CNC-02,SPC_OUT_OF_CONTROL,temperature,75.71,52.694,75.32,MEDIUM
2026-07-02 16:21:00,CNC-02,SPC_OUT_OF_CONTROL,temperature,77.8,52.694,75.32,MEDIUM
2026-07-02 16:23:00,CNC-02,SPC_OUT_OF_CONTROL,temperature,76.84,52.694,75.32,MEDIUM
2026-07-02 16:24:00,CNC-02,SPC_OUT_OF_CONTROL,temperature,81.58,52.694,75.32,MEDIUM
2026-07-02 16:24:00,CNC-02,SPEC_BREACH,temperature,81.58,45.0,78.0,HIGH
2026-07-02 16:28:00,CNC-02,SPC_OUT_OF_CONTROL,temperature,77.37,52.694,75.32,MEDIUM
2026-07-02 16:29:00,CNC-02,SPC_OUT_OF_CONTROL,temperature,76.77,52.694,75.32,MEDIUM
2026-07-02 16:30:00,CNC-02,SPC_OUT_OF_CONTROL,temperature,77.87,52.694,75.32,MEDIUM
2026-07-02 16:31:00,CNC-02,SPEC_BREACH,temperature,78.53,45.0,78.0,HIGH
2026-07-02 16:31:00,CNC-02,SPC_OUT_OF_CONTROL,temperature,78.53,52.694,75.32,MEDIUM
2026-07-02 16:33:00,CNC-02,SPEC_BREACH,temperature,81.71,45.0,78.0,HIGH
2026-07-02 16:33:00,CNC-02,SPC_OUT_OF_CONTROL,temperature,81.71,52.694,75.32,MEDIUM
2026-07-02 16:34:00,CNC-02,SPC_OUT_OF_CONTROL,temperature,78.74,52.694,75.32,MEDIUM
2026-07-02 16:34:00,CNC-02,SPEC_BREACH,temperature,78.74,45.0,78.0,HIGH
2026-07-02 16:36:00,CNC-02,SPC_OUT_OF_CONTROL,temperature,81.6,52.694,75.32,MEDIUM
2026-07-02 16:36:00,CNC-02,SPEC_BREACH,temperature,81.6,45.0,78.0,HIGH
2026-07-02 16:37:00,CNC-02,SPC_OUT_OF_CONTROL,temperature,76.68,52.694,75.32,MEDIUM
2026-07-02 16:38:00,CNC-02,SPC_OUT_OF_CONTROL,temperature,77.06,52.694,75.32,MEDIUM
2026-07-02 16:39:00,CNC-02,SPC_OUT_OF_CONTROL,temperature,79.63,52.694,75.32,MEDIUM
2026-07-02 16:39:00,CNC-02,SPEC_BREACH,temperature,79.63,45.0,78.0,HIGH
2026-07-02 16:40:00,CNC-02,SPC_OUT_OF_CONTROL,temperature,78.27,52.694,75.32,MEDIUM
2026-07-02 16:40:00,CNC-02,SPEC_BREACH,temperature,78.27,45.0,78.0,HIGH
2026-07-02 16:41:00,CNC-02,SPC_OUT_OF_CONTROL,temperature,76.81,52.694,75.32,MEDIUM
2026-07-02 16:42:00,CNC-02,SPC_OUT_OF_CONTROL,temperature,77.9,52.694,75.32,MEDIUM
2026-07-02 16:43:00,CNC-02,SPC_OUT_OF_CONTROL,temperature,77.6,52.694,75.32,MEDIUM
2026-07-02 16:44:00,CNC-02,SPC_OUT_OF_CONTROL,temperature,75.55,52.694,75.32,MEDIUM
2026-07-02 16:45:00,CNC-02,SPC_OUT_OF_CONTROL,temperature,79.66,52.694,75.32,MEDIUM
2026-07-02 16:45:00,CNC-02,SPEC_BREACH,temperature,79.66,45.0,78.0,HIGH
2026-07-02 16:46:00,CNC-02,SPC_OUT_OF_CONTROL,temperature,77.92,52.694,75.32,MEDIUM
2026-07-02 16:47:00,CNC-02,SPC_OUT_OF_CONTROL,temperature,79.5,52.694,75.32,MEDIUM
2026-07-02 16:47:00,CNC-02,SPEC_BREACH,temperature,79.5,45.0,78.0,HIGH
2026-07-02 16:48:00,CNC-02,SPEC_BREACH,temperature,81.84,45.0,78.0,HIGH
2026-07-02 16:48:00,CNC-02,SPC_OUT_OF_CONTROL,temperature,81.84,52.694,75.32,MEDIUM
2026-07-02 16:49:00,CNC-02,SPEC_BREACH,temperature,82.25,45.0,78.0,HIGH
2026-07-02 16:49:00,CNC-02,SPC_OUT_OF_CONTROL,temperature,82.25,52.694,75.32,MEDIUM
2026-07-02 16:50:00,CNC-02,SPC_OUT_OF_CONTROL,temperature,75.55,52.694,75.32,MEDIUM
2026-07-02 16:51:00,CNC-02,SPC_OUT_OF_CONTROL,temperature,82.59,52.694,75.32,MEDIUM
2026-07-02 16:51:00,CNC-02,SPEC_BREACH,temperature,82.59,45.0,78.0,HIGH
2026-07-02 16:52:00,CNC-02,SPC_OUT_OF_CONTROL,temperature,81.32,52.694,75.32,MEDIUM
2026-07-02 16:52:00,CNC-02,SPEC_BREACH,temperature,81.32,45.0,78.0,HIGH
2026-07-02 16:53:00,CNC-02,SPEC_BREACH,temperature,80.13,45.0,78.0,HIGH
2026-07-02 16:53:00,CNC-02,SPC_OUT_OF_CONTROL,temperature,80.13,52.694,75.32,MEDIUM
2026-07-02 16:54:00,CNC-02,SPC_OUT_OF_CONTROL,temperature,77.82,52.694,75.32,MEDIUM
2026-07-02 16:55:00,CNC-02,SPC_OUT_OF_CONTROL,temperature,79.36,52.694,75.32,MEDIUM
2026-07-02 16:55:00,CNC-02,SPEC_BREACH,temperature,79.36,45.0,78.0,HIGH
2026-07-02 16:56:00,CNC-02,SPEC_BREACH,temperature,79.66,45.0,78.0,HIGH
2026-07-02 16:56:00,CNC-02,SPC_OUT_OF_CONTROL,temperature,79.66,52.694,75.32,MEDIUM
2026-07-02 16:57:00,CNC-02,SPC_OUT_OF_CONTROL,temperature,82.85,52.694,75.32,MEDIUM
2026-07-02 16:57:00,CNC-02,SPEC_BREACH,temperature,82.85,45.0,78.0,HIGH
2026-07-02 16:58:00,CNC-02,SPC_OUT_OF_CONTROL,temperature,76.79,52.694,75.32,MEDIUM
2026-07-02 16:59:00,CNC-02,SPEC_BREACH,temperature,84.99,45.0,78.0,HIGH
2026-07-02 16:59:00,CNC-02,SPC_OUT_OF_CONTROL,temperature,84.99,52.694,75.32,MEDIUM
2026-07-02 17:00:00,CNC-02,SPC_OUT_OF_CONTROL,temperature,87.62,52.694,75.32,MEDIUM
2026-07-02 17:00:00,CNC-02,SPEC_BREACH,temperature,87.62,45.0,78.0,HIGH
2026-07-02 17:01:00,CNC-02,SPC_OUT_OF_CONTROL,temperature,83.89,52.694,75.32,MEDIUM
2026-07-02 17:01:00,CNC-02,SPEC_BREACH,temperature,83.89,45.0,78.0,HIGH
2026-07-02 18:13:00,PRESS-01,SPC_OUT_OF_CONTROL,temperature,73.23,43.746,72.919,MEDIUM
2026-07-02 18:14:00,PRESS-01,SPC_OUT_OF_CONTROL,temperature,73.09,43.746,72.919,MEDIUM
2026-07-02 18:22:00,PRESS-01,SPC_OUT_OF_CONTROL,temperature,75.08,43.746,72.919,MEDIUM
2026-07-02 18:23:00,PRESS-01,SPC_OUT_OF_CONTROL,temperature,75.59,43.746,72.919,MEDIUM
2026-07-02 18:29:00,PRESS-01,SPC_OUT_OF_CONTROL,temperature,78.52,43.746,72.919,MEDIUM
2026-07-02 18:29:00,PRESS-01,SPEC_BREACH,temperature,78.52,45.0,78.0,HIGH
2026-07-02 18:30:00,PRESS-01,SPC_OUT_OF_CONTROL,temperature,79.26,43.746,72.919,MEDIUM
2026-07-02 18:30:00,PRESS-01,SPEC_BREACH,temperature,79.26,45.0,78.0,HIGH
2026-07-02 18:32:00,PRESS-01,SPC_OUT_OF_CONTROL,temperature,73.17,43.746,72.919,MEDIUM
2026-07-02 18:33:00,PRESS-01,SPEC_BREACH,temperature,80.41,45.0,78.0,HIGH
2026-07-02 18:33:00,PRESS-01,SPC_OUT_OF_CONTROL,temperature,80.41,43.746,72.919,MEDIUM
2026-07-02 18:34:00,PRESS-01,SPC_OUT_OF_CONTROL,temperature,73.77,43.746,72.919,MEDIUM
2026-07-02 18:35:00,PRESS-01,SPC_OUT_OF_CONTROL,temperature,73.83,43.746,72.919,MEDIUM
2026-07-02 18:36:00,PRESS-01,SPC_OUT_OF_CONTROL,temperature,75.67,43.746,72.919,MEDIUM
2026-07-02 18:37:00,PRESS-01,SPC_OUT_OF_CONTROL,temperature,76.24,43.746,72.919,MEDIUM
2026-07-02 18:41:00,PRESS-01,SPC_OUT_OF_CONTROL,temperature,77.79,43.746,72.919,MEDIUM
2026-07-02 18:42:00,PRESS-01,SPC_OUT_OF_CONTROL,temperature,74.42,43.746,72.919,MEDIUM
2026-07-02 18:43:00,PRESS-01,SPEC_BREACH,temperature,82.33,45.0,78.0,HIGH
2026-07-02 18:43:00,PRESS-01,SPC_OUT_OF_CONTROL,temperature,82.33,43.746,72.919,MEDIUM
2026-07-02 18:44:00,PRESS-01,SPC_OUT_OF_CONTROL,temperature,74.0,43.746,72.919,MEDIUM
2026-07-02 18:45:00,PRESS-01,SPC_OUT_OF_CONTROL,temperature,76.54,43.746,72.919,MEDIUM
2026-07-02 18:47:00,PRESS-01,SPC_OUT_OF_CONTROL,temperature,81.26,43.746,72.919,MEDIUM
2026-07-02 18:47:00,PRESS-01,SPEC_BREACH,temperature,81.26,45.0,78.0,HIGH
2026-07-02 18:48:00,PRESS-01,SPC_OUT_OF_CONTROL,temperature,76.24,43.746,72.919,MEDIUM
2026-07-02 18:49:00,PRESS-01,SPC_OUT_OF_CONTROL,temperature,79.02,43.746,72.919,MEDIUM
2026-07-02 18:49:00,PRESS-01,SPEC_BREACH,temperature,79.02,45.0,78.0,HIGH
2026-07-02 18:50:00,PRESS-01,SPEC_BREACH,temperature,80.58,45.0,78.0,HIGH
2026-07-02 18:50:00,PRESS-01,SPC_OUT_OF_CONTROL,temperature,80.58,43.746,72.919,MEDIUM
2026-07-02 18:51:00,PRESS-01,SPC_OUT_OF_CONTROL,temperature,75.04,43.746,72.919,MEDIUM
2026-07-02 18:52:00,PRESS-01,SPC_OUT_OF_CONTROL,temperature,75.18,43.746,72.919,MEDIUM
2026-07-02 18:53:00,PRESS-01,SPC_OUT_OF_CONTROL,temperature,73.9,43.746,72.919,MEDIUM
2026-07-02 18:54:00,PRESS-01,SPEC_BREACH,temperature,78.51,45.0,78.0,HIGH
2026-07-02 18:54:00,PRESS-01,SPC_OUT_OF_CONTROL,temperature,78.51,43.746,72.919,MEDIUM
2026-07-02 18:56:00,PRESS-01,SPC_OUT_OF_CONTROL,temperature,82.1,43.746,72.919,MEDIUM
2026-07-02 18:56:00,PRESS-01,SPEC_BREACH,temperature,82.1,45.0,78.0,HIGH
2026-07-02 18:57:00,PRESS-01,SPC_OUT_OF_CONTROL,temperature,80.13,43.746,72.919,MEDIUM
2026-07-02 18:57:00,PRESS-01,SPEC_BREACH,temperature,80.13,45.0,78.0,HIGH
2026-07-02 18:58:00,PRESS-01,SPC_OUT_OF_CONTROL,temperature,74.54,43.746,72.919,MEDIUM
2026-07-02 19:00:00,PRESS-01,SPC_OUT_OF_CONTROL,temperature,76.87,43.746,72.919,MEDIUM
2026-07-02 19:01:00,PRESS-01,SPC_OUT_OF_CONTROL,temperature,79.76,43.746,72.919,MEDIUM
2026-07-02 19:01:00,PRESS-01,SPEC_BREACH,temperature,79.76,45.0,78.0,HIGH
2026-07-02 19:02:00,PRESS-01,SPC_OUT_OF_CONTROL,temperature,82.59,43.746,72.919,MEDIUM
2026-07-02 19:02:00,PRESS-01,SPEC_BREACH,temperature,82.59,45.0,78.0,HIGH
2026-07-02 19:03:00,PRESS-01,SPC_OUT_OF_CONTROL,temperature,76.54,43.746,72.919,MEDIUM
2026-07-02 19:04:00,PRESS-01,SPC_OUT_OF_CONTROL,temperature,85.3,43.746,72.919,MEDIUM
2026-07-02 19:04:00,PRESS-01,SPEC_BREACH,temperature,85.3,45.0,78.0,HIGH
2026-07-02 19:05:00,PRESS-01,SPC_OUT_OF_CONTROL,temperature,83.26,43.746,72.919,MEDIUM
2026-07-02 19:05:00,PRESS-01,SPEC_BREACH,temperature,83.26,45.0,78.0,HIGH
2026-07-02 19:06:00,PRESS-01,SPC_OUT_OF_CONTROL,temperature,79.73,43.746,72.919,MEDIUM
2026-07-02 19:06:00,PRESS-01,SPEC_BREACH,temperature,79.73,45.0,78.0,HIGH
2026-07-02 21:54:00,PRESS-01,SPEC_BREACH,flow_rate,72.66,30.0,72.0,HIGH
2026-07-03 06:53:00,PRESS-01,SPEC_BREACH,flow_rate,74.7,30.0,72.0,HIGH
2026-07-03 07:01:00,PRESS-01,SPEC_BREACH,flow_rate,72.4,30.0,72.0,HIGH
2026-07-03 08:43:00,PRESS-01,SPEC_BREACH,flow_rate,76.6,30.0,72.0,HIGH
2026-07-03 09:28:00,PRESS-01,SPEC_BREACH,flow_rate,73.37,30.0,72.0,HIGH
2026-07-03 10:03:00,CNC-02,SPC_OUT_OF_CONTROL,temperature,75.5,52.694,75.32,MEDIUM
2026-07-03 11:30:00,PRESS-01,SPEC_BREACH,motor_current,28.56,8.0,28.0,HIGH
2026-07-03 11:31:00,PRESS-01,SPEC_BREACH,motor_current,28.49,8.0,28.0,HIGH
2026-07-03 11:33:00,PRESS-01,SPEC_BREACH,motor_current,28.06,8.0,28.0,HIGH
2026-07-03 11:34:00,PRESS-01,SPEC_BREACH,motor_current,29.48,8.0,28.0,HIGH
2026-07-03 11:37:00,PRESS-01,SPEC_BREACH,motor_current,29.07,8.0,28.0,HIGH
2026-07-03 11:39:00,PRESS-01,SPEC_BREACH,motor_current,28.23,8.0,28.0,HIGH
2026-07-03 11:40:00,PRESS-01,SPEC_BREACH,motor_current,29.42,8.0,28.0,HIGH
2026-07-03 11:41:00,PRESS-01,SPEC_BREACH,motor_current,28.02,8.0,28.0,HIGH
2026-07-03 11:44:00,PRESS-01,SPEC_BREACH,motor_current,30.61,8.0,28.0,HIGH
2026-07-03 11:45:00,PRESS-01,SPEC_BREACH,motor_current,29.35,8.0,28.0,HIGH
2026-07-03 11:49:00,PRESS-01,SPEC_BREACH,motor_current,30.46,8.0,28.0,HIGH
2026-07-03 11:50:00,PRESS-01,SPEC_BREACH,motor_current,31.35,8.0,28.0,HIGH
2026-07-03 11:51:00,PRESS-01,SPEC_BREACH,motor_current,29.38,8.0,28.0,HIGH
2026-07-03 11:52:00,PRESS-01,SPEC_BREACH,motor_current,28.56,8.0,28.0,HIGH
2026-07-03 11:53:00,PRESS-01,SPEC_BREACH,motor_current,30.76,8.0,28.0,HIGH
2026-07-03 11:54:00,PRESS-01,SPEC_BREACH,motor_current,33.23,8.0,28.0,HIGH
2026-07-03 11:55:00,PRESS-01,SPEC_BREACH,energy,14.25,5.0,14.0,HIGH
2026-07-03 11:55:00,PRESS-01,SPEC_BREACH,motor_current,28.54,8.0,28.0,HIGH
2026-07-03 11:57:00,PRESS-01,SPEC_BREACH,motor_current,29.93,8.0,28.0,HIGH
2026-07-03 11:58:00,PRESS-01,SPEC_BREACH,motor_current,31.06,8.0,28.0,HIGH
2026-07-03 11:59:00,PRESS-01,SPEC_BREACH,motor_current,31.16,8.0,28.0,HIGH
2026-07-03 12:00:00,PRESS-01,SPEC_BREACH,motor_current,30.9,8.0,28.0,HIGH
2026-07-03 12:01:00,PRESS-01,SPEC_BREACH,motor_current,31.51,8.0,28.0,HIGH
2026-07-03 12:03:00,PRESS-01,SPEC_BREACH,motor_current,32.63,8.0,28.0,HIGH
2026-07-03 12:04:00,PRESS-01,SPEC_BREACH,motor_current,31.4,8.0,28.0,HIGH
2026-07-03 12:05:00,PRESS-01,SPEC_BREACH,motor_current,33.17,8.0,28.0,HIGH
2026-07-03 12:08:00,PRESS-01,SPEC_BREACH,motor_current,29.97,8.0,28.0,HIGH
2026-07-03 12:09:00,PRESS-01,SPEC_BREACH,motor_current,28.73,8.0,28.0,HIGH
2026-07-03 12:11:00,PRESS-01,SPEC_BREACH,motor_current,31.98,8.0,28.0,HIGH
2026-07-03 12:12:00,PRESS-01,SPEC_BREACH,motor_current,28.38,8.0,28.0,HIGH
2026-07-03 12:13:00,PRESS-01,SPEC_BREACH,motor_current,31.68,8.0,28.0,HIGH
2026-07-03 12:14:00,PRESS-01,SPEC_BREACH,motor_current,30.44,8.0,28.0,HIGH
2026-07-03 12:15:00,PRESS-01,SPEC_BREACH,motor_current,32.27,8.0,28.0,HIGH
2026-07-03 12:16:00,PRESS-01,SPEC_BREACH,motor_current,32.0,8.0,28.0,HIGH
2026-07-03 12:17:00,PRESS-01,SPEC_BREACH,motor_current,30.26,8.0,28.0,HIGH
2026-07-03 12:18:00,PRESS-01,SPEC_BREACH,motor_current,31.23,8.0,28.0,HIGH
2026-07-03 12:19:00,PRESS-01,SPEC_BREACH,motor_current,29.38,8.0,28.0,HIGH
2026-07-03 12:20:00,PRESS-01,SPEC_BREACH,motor_current,32.4,8.0,28.0,HIGH
2026-07-03 12:21:00,PRESS-01,SPEC_BREACH,motor_current,29.23,8.0,28.0,HIGH
2026-07-03 12:22:00,PRESS-01,SPEC_BREACH,motor_current,29.44,8.0,28.0,HIGH
2026-07-03 12:23:00,PRESS-01,SPEC_BREACH,motor_current,33.71,8.0,28.0,HIGH
2026-07-03 12:24:00,PRESS-01,SPEC_BREACH,motor_current,34.09,8.0,28.0,HIGH
2026-07-03 12:25:00,PRESS-01,SPEC_BREACH,motor_current,31.85,8.0,28.0,HIGH
2026-07-03 12:26:00,PRESS-01,SPEC_BREACH,motor_current,33.77,8.0,28.0,HIGH
2026-07-03 12:27:00,PRESS-01,SPEC_BREACH,motor_current,31.94,8.0,28.0,HIGH
2026-07-03 12:28:00,PRESS-01,SPEC_BREACH,motor_current,33.1,8.0,28.0,HIGH
2026-07-03 12:29:00,PRESS-01,SPEC_BREACH,motor_current,30.24,8.0,28.0,HIGH
2026-07-03 12:30:00,PRESS-01,SPEC_BREACH,motor_current,35.2,8.0,28.0,HIGH
2026-07-03 12:31:00,PRESS-01,SPEC_BREACH,motor_current,32.86,8.0,28.0,HIGH
2026-07-03 12:32:00,PRESS-01,SPEC_BREACH,motor_current,34.15,8.0,28.0,HIGH
2026-07-03 12:33:00,PRESS-01,SPEC_BREACH,motor_current,30.21,8.0,28.0,HIGH
2026-07-03 12:34:00,PRESS-01,SPEC_BREACH,motor_current,31.84,8.0,28.0,HIGH
2026-07-03 12:47:00,CNC-02,SPEC_BREACH,motor_current,7.77,8.0,28.0,HIGH
2026-07-03 12:55:00,CNC-02,SPEC_BREACH,motor_current,7.78,8.0,28.0,HIGH
2026-07-03 12:57:00,CNC-02,SPEC_BREACH,motor_current,7.66,8.0,28.0,HIGH
2026-07-03 12:58:00,CNC-02,SPEC_BREACH,motor_current,7.27,8.0,28.0,HIGH
2026-07-03 13:02:00,CNC-02,SPEC_BREACH,motor_current,7.94,8.0,28.0,HIGH
2026-07-03 13:03:00,PRESS-01,SPEC_BREACH,flow_rate,78.34,30.0,72.0,HIGH
2026-07-03 13:11:00,CNC-02,SPEC_BREACH,motor_current,7.58,8.0,28.0,HIGH
2026-07-03 13:13:00,CNC-02,SPEC_BREACH,motor_current,6.85,8.0,28.0,HIGH
2026-07-03 13:16:00,CNC-02,SPEC_BREACH,motor_current,7.75,8.0,28.0,HIGH
2026-07-03 13:17:00,CNC-02,SPEC_BREACH,motor_current,6.55,8.0,28.0,HIGH
2026-07-03 13:18:00,CNC-02,SPEC_BREACH,motor_current,6.86,8.0,28.0,HIGH
2026-07-03 13:54:00,PRESS-01,SPEC_BREACH,flow_rate,72.14,30.0,72.0,HIGH
2026-07-03 14:20:00,CNC-02,SPEC_BREACH,pressure,3.955,4.0,9.5,HIGH
2026-07-03 15:43:00,PRESS-01,SPEC_BREACH,motor_current,28.07,8.0,28.0,HIGH
2026-07-03 15:51:00,PRESS-01,SPEC_BREACH,motor_current,29.05,8.0,28.0,HIGH
2026-07-03 15:54:00,PRESS-01,SPEC_BREACH,motor_current,28.66,8.0,28.0,HIGH
2026-07-03 15:58:00,PRESS-01,SPEC_BREACH,motor_current,28.95,8.0,28.0,HIGH
2026-07-03 16:01:00,PRESS-01,SPEC_BREACH,motor_current,30.73,8.0,28.0,HIGH
2026-07-03 16:02:00,PRESS-01,SPEC_BREACH,motor_current,28.51,8.0,28.0,HIGH
2026-07-03 16:03:00,PRESS-01,SPEC_BREACH,motor_current,28.09,8.0,28.0,HIGH
2026-07-03 16:05:00,PRESS-01,SPEC_BREACH,motor_current,28.39,8.0,28.0,HIGH
2026-07-03 16:06:00,PRESS-01,SPEC_BREACH,motor_current,28.7,8.0,28.0,HIGH
2026-07-03 16:07:00,PRESS-01,SPEC_BREACH,motor_current,29.03,8.0,28.0,HIGH
2026-07-03 16:09:00,PRESS-01,SPEC_BREACH,temperature,44.96,45.0,78.0,HIGH
2026-07-03 16:11:00,PRESS-01,SPEC_BREACH,motor_current,29.8,8.0,28.0,HIGH
2026-07-03 16:12:00,PRESS-01,SPEC_BREACH,motor_current,29.44,8.0,28.0,HIGH
2026-07-03 16:13:00,PRESS-01,SPEC_BREACH,motor_current,32.52,8.0,28.0,HIGH
2026-07-03 16:14:00,PRESS-01,SPEC_BREACH,motor_current,29.12,8.0,28.0,HIGH
2026-07-03 16:17:00,PRESS-01,SPEC_BREACH,motor_current,28.61,8.0,28.0,HIGH
2026-07-03 16:20:00,PRESS-01,SPEC_BREACH,motor_current,29.26,8.0,28.0,HIGH
2026-07-03 16:21:00,PRESS-01,SPEC_BREACH,motor_current,29.34,8.0,28.0,HIGH
2026-07-03 16:22:00,PRESS-01,SPEC_BREACH,motor_current,29.91,8.0,28.0,HIGH
2026-07-03 16:24:00,PRESS-01,SPEC_BREACH,motor_current,29.07,8.0,28.0,HIGH
2026-07-03 16:25:00,PRESS-01,SPEC_BREACH,motor_current,28.73,8.0,28.0,HIGH
2026-07-03 16:26:00,PRESS-01,SPEC_BREACH,motor_current,30.99,8.0,28.0,HIGH
2026-07-03 16:27:00,PRESS-01,SPEC_BREACH,motor_current,29.94,8.0,28.0,HIGH
2026-07-03 16:28:00,PRESS-01,SPEC_BREACH,motor_current,32.63,8.0,28.0,HIGH
2026-07-03 16:29:00,PRESS-01,SPEC_BREACH,motor_current,29.26,8.0,28.0,HIGH
2026-07-03 16:30:00,PRESS-01,SPEC_BREACH,motor_current,28.59,8.0,28.0,HIGH
2026-07-03 16:31:00,PRESS-01,SPEC_BREACH,motor_current,30.28,8.0,28.0,HIGH
2026-07-03 16:32:00,PRESS-01,SPEC_BREACH,motor_current,28.35,8.0,28.0,HIGH
2026-07-03 16:33:00,PRESS-01,SPEC_BREACH,motor_current,30.8,8.0,28.0,HIGH
2026-07-03 16:34:00,PRESS-01,SPEC_BREACH,motor_current,33.77,8.0,28.0,HIGH
2026-07-03 16:36:00,PRESS-01,SPEC_BREACH,motor_current,30.3,8.0,28.0,HIGH
2026-07-03 16:37:00,PRESS-01,SPEC_BREACH,motor_current,29.43,8.0,28.0,HIGH
2026-07-03 16:38:00,PRESS-01,SPEC_BREACH,motor_current,28.85,8.0,28.0,HIGH
2026-07-03 16:39:00,PRESS-01,SPEC_BREACH,motor_current,29.38,8.0,28.0,HIGH
2026-07-03 16:40:00,PRESS-01,SPEC_BREACH,motor_current,30.28,8.0,28.0,HIGH
2026-07-03 16:41:00,PRESS-01,SPEC_BREACH,motor_current,31.05,8.0,28.0,HIGH
2026-07-03 16:42:00,PRESS-01,SPEC_BREACH,motor_current,35.8,8.0,28.0,HIGH
2026-07-03 16:43:00,PRESS-01,SPEC_BREACH,motor_current,30.28,8.0,28.0,HIGH
2026-07-03 16:44:00,PRESS-01,SPEC_BREACH,motor_current,29.35,8.0,28.0,HIGH
2026-07-03 16:45:00,PRESS-01,SPEC_BREACH,motor_current,30.37,8.0,28.0,HIGH
2026-07-03 16:46:00,PRESS-01,SPEC_BREACH,motor_current,35.62,8.0,28.0,HIGH
2026-07-03 16:47:00,PRESS-01,SPEC_BREACH,motor_current,32.66,8.0,28.0,HIGH
2026-07-03 16:48:00,PRESS-01,SPEC_BREACH,motor_current,28.86,8.0,28.0,HIGH
2026-07-03 16:49:00,PRESS-01,SPEC_BREACH,motor_current,32.96,8.0,28.0,HIGH
2026-07-03 16:50:00,PRESS-01,SPEC_BREACH,motor_current,32.32,8.0,28.0,HIGH
2026-07-03 16:51:00,PRESS-01,SPEC_BREACH,motor_current,30.09,8.0,28.0,HIGH
2026-07-03 16:52:00,PRESS-01,SPEC_BREACH,motor_current,32.82,8.0,28.0,HIGH
2026-07-03 16:53:00,PRESS-01,SPEC_BREACH,motor_current,30.74,8.0,28.0,HIGH
2026-07-03 16:54:00,PRESS-01,SPEC_BREACH,motor_current,30.17,8.0,28.0,HIGH
2026-07-03 16:55:00,PRESS-01,SPEC_BREACH,motor_current,31.91,8.0,28.0,HIGH
2026-07-03 16:56:00,PRESS-01,SPEC_BREACH,motor_current,33.6,8.0,28.0,HIGH
2026-07-03 16:57:00,PRESS-01,SPEC_BREACH,motor_current,33.05,8.0,28.0,HIGH
2026-07-03 16:58:00,PRESS-01,SPEC_BREACH,motor_current,31.93,8.0,28.0,HIGH
2026-07-03 16:59:00,PRESS-01,SPEC_BREACH,motor_current,30.3,8.0,28.0,HIGH
2026-07-03 17:00:00,PRESS-01,SPEC_BREACH,motor_current,31.83,8.0,28.0,HIGH
2026-07-03 17:01:00,PRESS-01,SPEC_BREACH,motor_current,31.95,8.0,28.0,HIGH
2026-07-03 17:02:00,PRESS-01,SPEC_BREACH,motor_current,32.66,8.0,28.0,HIGH
2026-07-03 17:03:00,PRESS-01,SPEC_BREACH,motor_current,32.69,8.0,28.0,HIGH
2026-07-03 17:04:00,PRESS-01,SPEC_BREACH,motor_current,32.88,8.0,28.0,HIGH
2026-07-03 18:02:00,PRESS-01,SPEC_BREACH,flow_rate,73.85,30.0,72.0,HIGH
2026-07-03 18:37:00,PRESS-01,SPEC_BREACH,flow_rate,72.13,30.0,72.0,HIGH
2026-07-03 20:24:00,PRESS-01,SPEC_BREACH,pressure,9.535,4.0,9.5,HIGH
2026-07-03 20:40:00,PRESS-01,SPEC_BREACH,flow_rate,74.46,30.0,72.0,HIGH
2026-07-04 06:50:00,PRESS-01,SPEC_BREACH,motor_current,28.5,8.0,28.0,HIGH
2026-07-04 08:05:00,PRESS-01,SPEC_BREACH,pressure,9.599,4.0,9.5,HIGH
2026-07-04 09:58:00,PRESS-01,SPEC_BREACH,temperature,79.84,45.0,78.0,HIGH
2026-07-04 09:58:00,PRESS-01,SPC_OUT_OF_CONTROL,temperature,79.84,43.746,72.919,MEDIUM
2026-07-04 09:59:00,PRESS-01,SPC_OUT_OF_CONTROL,temperature,81.83,43.746,72.919,MEDIUM
2026-07-04 09:59:00,PRESS-01,SPEC_BREACH,temperature,81.83,45.0,78.0,HIGH
2026-07-04 10:00:00,PRESS-01,SPC_OUT_OF_CONTROL,temperature,78.19,43.746,72.919,MEDIUM
2026-07-04 10:00:00,PRESS-01,SPEC_BREACH,temperature,78.19,45.0,78.0,HIGH
2026-07-04 10:01:00,PRESS-01,SPEC_BREACH,temperature,83.07,45.0,78.0,HIGH
2026-07-04 10:01:00,PRESS-01,SPC_OUT_OF_CONTROL,temperature,83.07,43.746,72.919,MEDIUM
2026-07-04 10:02:00,PRESS-01,SPC_OUT_OF_CONTROL,temperature,76.38,43.746,72.919,MEDIUM
2026-07-04 10:03:00,PRESS-01,SPC_OUT_OF_CONTROL,temperature,81.82,43.746,72.919,MEDIUM
2026-07-04 10:03:00,PRESS-01,SPEC_BREACH,temperature,81.82,45.0,78.0,HIGH
2026-07-04 10:04:00,PRESS-01,SPEC_BREACH,temperature,84.09,45.0,78.0,HIGH
2026-07-04 10:04:00,PRESS-01,SPC_OUT_OF_CONTROL,temperature,84.09,43.746,72.919,MEDIUM
2026-07-04 10:05:00,PRESS-01,SPEC_BREACH,temperature,82.38,45.0,78.0,HIGH
2026-07-04 10:05:00,PRESS-01,SPC_OUT_OF_CONTROL,temperature,82.38,43.746,72.919,MEDIUM
2026-07-04 10:06:00,PRESS-01,SPC_OUT_OF_CONTROL,temperature,73.17,43.746,72.919,MEDIUM
2026-07-04 10:07:00,PRESS-01,SPC_OUT_OF_CONTROL,temperature,79.62,43.746,72.919,MEDIUM
2026-07-04 10:07:00,PRESS-01,SPEC_BREACH,temperature,79.62,45.0,78.0,HIGH
2026-07-04 10:08:00,PRESS-01,SPC_OUT_OF_CONTROL,temperature,73.29,43.746,72.919,MEDIUM
2026-07-04 10:09:00,PRESS-01,SPEC_BREACH,temperature,89.16,45.0,78.0,HIGH
2026-07-04 10:09:00,PRESS-01,SPC_OUT_OF_CONTROL,temperature,89.16,43.746,72.919,MEDIUM
2026-07-04 10:10:00,PRESS-01,SPC_OUT_OF_CONTROL,temperature,80.7,43.746,72.919,MEDIUM
2026-07-04 10:10:00,PRESS-01,SPEC_BREACH,temperature,80.7,45.0,78.0,HIGH
2026-07-04 10:11:00,PRESS-01,SPC_OUT_OF_CONTROL,temperature,82.49,43.746,72.919,MEDIUM
2026-07-04 10:11:00,PRESS-01,SPEC_BREACH,temperature,82.49,45.0,78.0,HIGH
2026-07-04 10:12:00,PRESS-01,SPC_OUT_OF_CONTROL,temperature,80.27,43.746,72.919,MEDIUM
2026-07-04 10:12:00,PRESS-01,SPEC_BREACH,temperature,80.27,45.0,78.0,HIGH
2026-07-04 10:14:00,PRESS-01,SPC_OUT_OF_CONTROL,temperature,75.59,43.746,72.919,MEDIUM
2026-07-04 10:15:00,PRESS-01,SPEC_BREACH,temperature,82.66,45.0,78.0,HIGH
2026-07-04 10:15:00,PRESS-01,SPC_OUT_OF_CONTROL,temperature,82.66,43.746,72.919,MEDIUM
2026-07-04 10:16:00,PRESS-01,SPEC_BREACH,temperature,85.73,45.0,78.0,HIGH
2026-07-04 10:16:00,PRESS-01,SPC_OUT_OF_CONTROL,temperature,85.73,43.746,72.919,MEDIUM
2026-07-04 10:17:00,PRESS-01,SPC_OUT_OF_CONTROL,temperature,76.44,43.746,72.919,MEDIUM
2026-07-04 14:10:00,CNC-02,SPEC_BREACH,pressure,3.948,4.0,9.5,HIGH
2026-07-04 17:06:00,PRESS-01,SPEC_BREACH,temperature,44.23,45.0,78.0,HIGH
2026-07-04 19:47:00,PRESS-01,SPEC_BREACH,flow_rate,75.09,30.0,72.0,HIGH
2026-07-04 20:18:00,PRESS-01,SPEC_BREACH,flow_rate,72.68,30.0,72.0,HIGH
2026-07-05 06:02:00,PRESS-01,SPEC_BREACH,flow_rate,72.05,30.0,72.0,HIGH
2026-07-05 06:09:00,PRESS-01,SPEC_BREACH,flow_rate,74.17,30.0,72.0,HIGH
2026-07-05 06:09:00,PRESS-01,SPEC_BREACH,pressure,9.687,4.0,9.5,HIGH
2026-07-05 06:24:00,PRESS-01,SPEC_BREACH,flow_rate,73.34,30.0,72.0,HIGH
2026-07-05 06:44:00,PRESS-01,SPEC_BREACH,flow_rate,72.75,30.0,72.0,HIGH
2026-07-05 06:45:00,PRESS-01,SPEC_BREACH,flow_rate,72.47,30.0,72.0,HIGH
2026-07-05 07:40:00,PRESS-01,SPEC_BREACH,flow_rate,72.67,30.0,72.0,HIGH
2026-07-05 07:40:00,PRESS-01,SPEC_BREACH,pressure,9.761,4.0,9.5,HIGH
2026-07-05 09:24:00,CNC-01,SPC_OUT_OF_CONTROL,temperature,72.35,52.223,71.83,MEDIUM
2026-07-05 09:52:00,CNC-02,SPEC_BREACH,motor_current,6.88,8.0,28.0,HIGH
2026-07-05 09:54:00,CNC-02,SPEC_BREACH,motor_current,7.92,8.0,28.0,HIGH
2026-07-05 10:05:00,CNC-02,SPEC_BREACH,motor_current,7.32,8.0,28.0,HIGH
2026-07-05 10:06:00,CNC-02,SPEC_BREACH,motor_current,7.56,8.0,28.0,HIGH
2026-07-05 10:15:00,CNC-02,SPEC_BREACH,motor_current,7.28,8.0,28.0,HIGH
2026-07-05 10:19:00,CNC-02,SPEC_BREACH,motor_current,6.23,8.0,28.0,HIGH
2026-07-05 10:20:00,CNC-02,SPEC_BREACH,motor_current,5.43,8.0,28.0,HIGH
2026-07-05 10:22:00,CNC-02,SPEC_BREACH,motor_current,5.92,8.0,28.0,HIGH
2026-07-05 12:06:00,PRESS-01,SPEC_BREACH,pressure,9.908,4.0,9.5,HIGH
2026-07-05 12:36:00,PRESS-01,SPEC_BREACH,flow_rate,73.28,30.0,72.0,HIGH
2026-07-05 12:55:00,PRESS-01,SPEC_BREACH,flow_rate,72.47,30.0,72.0,HIGH
2026-07-05 13:36:00,PRESS-01,SPEC_BREACH,flow_rate,72.47,30.0,72.0,HIGH
2026-07-05 15:43:00,PRESS-01,SPEC_BREACH,flow_rate,72.14,30.0,72.0,HIGH
2026-07-05 15:47:00,PRESS-01,SPC_OUT_OF_CONTROL,temperature,77.03,43.746,72.919,MEDIUM
2026-07-05 15:49:00,PRESS-01,SPC_OUT_OF_CONTROL,temperature,77.9,43.746,72.919,MEDIUM
2026-07-05 15:50:00,PRESS-01,SPC_OUT_OF_CONTROL,temperature,76.27,43.746,72.919,MEDIUM
2026-07-05 15:52:00,PRESS-01,SPC_OUT_OF_CONTROL,temperature,77.39,43.746,72.919,MEDIUM
2026-07-05 15:53:00,PRESS-01,SPC_OUT_OF_CONTROL,temperature,75.56,43.746,72.919,MEDIUM
2026-07-05 15:54:00,PRESS-01,SPC_OUT_OF_CONTROL,temperature,73.22,43.746,72.919,MEDIUM
2026-07-05 15:55:00,PRESS-01,SPC_OUT_OF_CONTROL,temperature,79.45,43.746,72.919,MEDIUM
2026-07-05 15:55:00,PRESS-01,SPEC_BREACH,temperature,79.45,45.0,78.0,HIGH
2026-07-05 15:56:00,PRESS-01,SPC_OUT_OF_CONTROL,temperature,76.85,43.746,72.919,MEDIUM
2026-07-05 15:58:00,PRESS-01,SPC_OUT_OF_CONTROL,temperature,74.81,43.746,72.919,MEDIUM
2026-07-05 16:02:00,PRESS-01,SPEC_BREACH,temperature,81.73,45.0,78.0,HIGH
2026-07-05 16:02:00,PRESS-01,SPC_OUT_OF_CONTROL,temperature,81.73,43.746,72.919,MEDIUM
2026-07-05 16:03:00,PRESS-01,SPEC_BREACH,temperature,85.02,45.0,78.0,HIGH
2026-07-05 16:03:00,PRESS-01,SPC_OUT_OF_CONTROL,temperature,85.02,43.746,72.919,MEDIUM
2026-07-05 16:06:00,PRESS-01,SPC_OUT_OF_CONTROL,temperature,79.03,43.746,72.919,MEDIUM
2026-07-05 16:06:00,PRESS-01,SPEC_BREACH,temperature,79.03,45.0,78.0,HIGH
2026-07-05 16:07:00,PRESS-01,SPC_OUT_OF_CONTROL,temperature,77.49,43.746,72.919,MEDIUM
2026-07-05 16:08:00,PRESS-01,SPEC_BREACH,temperature,78.01,45.0,78.0,HIGH
2026-07-05 16:08:00,PRESS-01,SPC_OUT_OF_CONTROL,temperature,78.01,43.746,72.919,MEDIUM
2026-07-05 16:09:00,PRESS-01,SPC_OUT_OF_CONTROL,temperature,75.09,43.746,72.919,MEDIUM
2026-07-05 16:10:00,PRESS-01,SPC_OUT_OF_CONTROL,temperature,75.14,43.746,72.919,MEDIUM
2026-07-05 16:11:00,PRESS-01,SPC_OUT_OF_CONTROL,temperature,74.96,43.746,72.919,MEDIUM
2026-07-05 16:12:00,PRESS-01,SPC_OUT_OF_CONTROL,temperature,84.23,43.746,72.919,MEDIUM
2026-07-05 16:12:00,PRESS-01,SPEC_BREACH,temperature,84.23,45.0,78.0,HIGH
2026-07-05 16:13:00,PRESS-01,SPC_OUT_OF_CONTROL,temperature,85.07,43.746,72.919,MEDIUM
2026-07-05 16:13:00,PRESS-01,SPEC_BREACH,temperature,85.07,45.0,78.0,HIGH
2026-07-05 16:14:00,PRESS-01,SPC_OUT_OF_CONTROL,temperature,83.35,43.746,72.919,MEDIUM
2026-07-05 16:14:00,PRESS-01,SPEC_BREACH,temperature,83.35,45.0,78.0,HIGH
2026-07-05 16:15:00,PRESS-01,SPC_OUT_OF_CONTROL,temperature,75.16,43.746,72.919,MEDIUM
2026-07-05 16:16:00,PRESS-01,SPC_OUT_OF_CONTROL,temperature,78.4,43.746,72.919,MEDIUM
2026-07-05 16:16:00,PRESS-01,SPEC_BREACH,temperature,78.4,45.0,78.0,HIGH
2026-07-05 16:17:00,PRESS-01,SPC_OUT_OF_CONTROL,temperature,76.34,43.746,72.919,MEDIUM
2026-07-05 16:18:00,PRESS-01,SPC_OUT_OF_CONTROL,temperature,89.79,43.746,72.919,MEDIUM
2026-07-05 16:18:00,PRESS-01,SPEC_BREACH,temperature,89.79,45.0,78.0,HIGH
2026-07-05 16:19:00,PRESS-01,SPC_OUT_OF_CONTROL,temperature,74.7,43.746,72.919,MEDIUM
2026-07-05 16:20:00,PRESS-01,SPEC_BREACH,temperature,79.78,45.0,78.0,HIGH
2026-07-05 16:20:00,PRESS-01,SPC_OUT_OF_CONTROL,temperature,79.78,43.746,72.919,MEDIUM
2026-07-05 16:21:00,PRESS-01,SPEC_BREACH,temperature,83.11,45.0,78.0,HIGH
2026-07-05 16:21:00,PRESS-01,SPC_OUT_OF_CONTROL,temperature,83.11,43.746,72.919,MEDIUM
2026-07-05 16:22:00,PRESS-01,SPC_OUT_OF_CONTROL,temperature,78.8,43.746,72.919,MEDIUM
2026-07-05 16:22:00,PRESS-01,SPEC_BREACH,temperature,78.8,45.0,78.0,HIGH
2026-07-05 16:23:00,PRESS-01,SPC_OUT_OF_CONTROL,temperature,82.48,43.746,72.919,MEDIUM
2026-07-05 16:23:00,PRESS-01,SPEC_BREACH,temperature,82.48,45.0,78.0,HIGH
2026-07-05 16:24:00,PRESS-01,SPEC_BREACH,temperature,85.35,45.0,78.0,HIGH
2026-07-05 16:24:00,PRESS-01,SPC_OUT_OF_CONTROL,temperature,85.35,43.746,72.919,MEDIUM
2026-07-05 16:25:00,PRESS-01,SPC_OUT_OF_CONTROL,temperature,73.96,43.746,72.919,MEDIUM
2026-07-05 16:26:00,PRESS-01,SPEC_BREACH,temperature,82.61,45.0,78.0,HIGH
2026-07-05 16:26:00,PRESS-01,SPC_OUT_OF_CONTROL,temperature,82.61,43.746,72.919,MEDIUM
2026-07-05 16:27:00,PRESS-01,SPC_OUT_OF_CONTROL,temperature,87.99,43.746,72.919,MEDIUM
2026-07-05 16:27:00,PRESS-01,SPEC_BREACH,temperature,87.99,45.0,78.0,HIGH
2026-07-05 17:57:00,PRESS-01,SPEC_BREACH,pressure,9.639,4.0,9.5,HIGH
2026-07-05 18:23:00,CNC-01,SPC_OUT_OF_CONTROL,temperature,48.16,52.223,71.83,MEDIUM
2026-07-05 18:33:00,PRESS-01,SPEC_BREACH,flow_rate,73.67,30.0,72.0,HIGH
2026-07-05 18:38:00,PRESS-01,SPEC_BREACH,flow_rate,75.29,30.0,72.0,HIGH
2026-07-05 19:17:00,CNC-02,SPEC_BREACH,pressure,3.851,4.0,9.5,HIGH
2026-07-05 20:24:00,CNC-01,SPC_OUT_OF_CONTROL,temperature,72.82,52.223,71.83,MEDIUM
2026-07-05 21:23:00,PRESS-01,SPEC_BREACH,flow_rate,72.13,30.0,72.0,HIGH
2026-07-06 06:35:00,PRESS-01,SPEC_BREACH,pressure,9.504,4.0,9.5,HIGH
2026-07-06 06:36:00,PRESS-01,SPEC_BREACH,flow_rate,74.75,30.0,72.0,HIGH
2026-07-06 06:38:00,PRESS-01,SPEC_BREACH,energy,14.005,5.0,14.0,HIGH
2026-07-06 07:03:00,PRESS-01,SPEC_BREACH,flow_rate,72.33,30.0,72.0,HIGH
2026-07-06 07:46:00,PRESS-01,SPEC_BREACH,pressure,9.57,4.0,9.5,HIGH
2026-07-06 08:00:00,CNC-01,SPC_OUT_OF_CONTROL,temperature,72.23,52.223,71.83,MEDIUM
2026-07-06 09:43:00,PRESS-01,SPEC_BREACH,pressure,9.52,4.0,9.5,HIGH
2026-07-06 12:36:00,CNC-02,SPC_OUT_OF_CONTROL,temperature,76.42,52.694,75.32,MEDIUM
2026-07-06 12:37:00,CNC-02,SPC_OUT_OF_CONTROL,temperature,77.02,52.694,75.32,MEDIUM
2026-07-06 12:38:00,CNC-02,SPC_OUT_OF_CONTROL,temperature,75.72,52.694,75.32,MEDIUM
2026-07-06 12:39:00,CNC-02,SPC_OUT_OF_CONTROL,temperature,75.7,52.694,75.32,MEDIUM
2026-07-06 12:41:00,CNC-02,SPC_OUT_OF_CONTROL,temperature,75.57,52.694,75.32,MEDIUM
2026-07-06 12:43:00,CNC-02,SPC_OUT_OF_CONTROL,temperature,77.96,52.694,75.32,MEDIUM
2026-07-06 12:44:00,CNC-02,SPC_OUT_OF_CONTROL,temperature,77.68,52.694,75.32,MEDIUM
2026-07-06 12:45:00,CNC-02,SPC_OUT_OF_CONTROL,temperature,78.02,52.694,75.32,MEDIUM
2026-07-06 12:45:00,CNC-02,SPEC_BREACH,temperature,78.02,45.0,78.0,HIGH
2026-07-06 12:46:00,CNC-02,SPC_OUT_OF_CONTROL,temperature,75.95,52.694,75.32,MEDIUM
2026-07-06 12:47:00,CNC-02,SPC_OUT_OF_CONTROL,temperature,77.67,52.694,75.32,MEDIUM
2026-07-06 12:48:00,CNC-02,SPC_OUT_OF_CONTROL,temperature,75.85,52.694,75.32,MEDIUM
2026-07-06 12:49:00,CNC-02,SPC_OUT_OF_CONTROL,temperature,77.99,52.694,75.32,MEDIUM
2026-07-06 12:51:00,CNC-02,SPC_OUT_OF_CONTROL,temperature,77.9,52.694,75.32,MEDIUM
2026-07-06 12:52:00,CNC-02,SPC_OUT_OF_CONTROL,temperature,76.15,52.694,75.32,MEDIUM
2026-07-06 12:54:00,CNC-02,SPC_OUT_OF_CONTROL,temperature,76.33,52.694,75.32,MEDIUM
2026-07-06 12:56:00,CNC-02,SPC_OUT_OF_CONTROL,temperature,76.83,52.694,75.32,MEDIUM
2026-07-06 12:57:00,CNC-02,SPC_OUT_OF_CONTROL,temperature,75.95,52.694,75.32,MEDIUM
2026-07-06 12:58:00,CNC-02,SPC_OUT_OF_CONTROL,temperature,76.77,52.694,75.32,MEDIUM
2026-07-06 13:01:00,CNC-02,SPC_OUT_OF_CONTROL,temperature,78.65,52.694,75.32,MEDIUM
2026-07-06 13:01:00,CNC-02,SPEC_BREACH,temperature,78.65,45.0,78.0,HIGH
2026-07-06 13:02:00,CNC-02,SPC_OUT_OF_CONTROL,temperature,78.29,52.694,75.32,MEDIUM
2026-07-06 13:02:00,CNC-02,SPEC_BREACH,temperature,78.29,45.0,78.0,HIGH
2026-07-06 13:05:00,CNC-02,SPC_OUT_OF_CONTROL,temperature,79.78,52.694,75.32,MEDIUM
2026-07-06 13:05:00,CNC-02,SPEC_BREACH,temperature,79.78,45.0,78.0,HIGH
2026-07-06 13:06:00,CNC-02,SPC_OUT_OF_CONTROL,temperature,76.46,52.694,75.32,MEDIUM
2026-07-06 13:07:00,CNC-02,SPC_OUT_OF_CONTROL,temperature,79.14,52.694,75.32,MEDIUM
2026-07-06 13:07:00,CNC-02,SPEC_BREACH,temperature,79.14,45.0,78.0,HIGH
2026-07-06 13:08:00,CNC-02,SPC_OUT_OF_CONTROL,temperature,81.18,52.694,75.32,MEDIUM
2026-07-06 13:08:00,CNC-02,SPEC_BREACH,temperature,81.18,45.0,78.0,HIGH
2026-07-06 13:09:00,CNC-02,SPEC_BREACH,temperature,78.5,45.0,78.0,HIGH
2026-07-06 13:09:00,CNC-02,SPC_OUT_OF_CONTROL,temperature,78.5,52.694,75.32,MEDIUM
2026-07-06 13:10:00,CNC-02,SPC_OUT_OF_CONTROL,temperature,78.95,52.694,75.32,MEDIUM
2026-07-06 13:10:00,CNC-02,SPEC_BREACH,temperature,78.95,45.0,78.0,HIGH
2026-07-06 13:11:00,CNC-02,SPC_OUT_OF_CONTROL,temperature,79.84,52.694,75.32,MEDIUM
2026-07-06 13:11:00,CNC-02,SPEC_BREACH,temperature,79.84,45.0,78.0,HIGH
2026-07-06 13:12:00,CNC-02,SPC_OUT_OF_CONTROL,temperature,83.26,52.694,75.32,MEDIUM
2026-07-06 13:12:00,CNC-02,SPEC_BREACH,temperature,83.26,45.0,78.0,HIGH
2026-07-06 13:13:00,CNC-02,SPC_OUT_OF_CONTROL,temperature,76.05,52.694,75.32,MEDIUM
2026-07-06 13:14:00,CNC-02,SPC_OUT_OF_CONTROL,temperature,82.11,52.694,75.32,MEDIUM
2026-07-06 13:14:00,CNC-02,SPEC_BREACH,temperature,82.11,45.0,78.0,HIGH
2026-07-06 13:15:00,CNC-02,SPC_OUT_OF_CONTROL,temperature,80.79,52.694,75.32,MEDIUM
2026-07-06 13:15:00,CNC-02,SPEC_BREACH,temperature,80.79,45.0,78.0,HIGH
2026-07-06 13:16:00,CNC-02,SPEC_BREACH,temperature,83.53,45.0,78.0,HIGH
2026-07-06 13:16:00,CNC-02,SPC_OUT_OF_CONTROL,temperature,83.53,52.694,75.32,MEDIUM
2026-07-06 13:17:00,CNC-02,SPEC_BREACH,temperature,80.08,45.0,78.0,HIGH
2026-07-06 13:17:00,CNC-02,SPC_OUT_OF_CONTROL,temperature,80.08,52.694,75.32,MEDIUM
2026-07-06 13:18:00,CNC-02,SPEC_BREACH,temperature,84.0,45.0,78.0,HIGH
2026-07-06 13:18:00,CNC-02,SPC_OUT_OF_CONTROL,temperature,84.0,52.694,75.32,MEDIUM
2026-07-06 13:19:00,CNC-02,SPC_OUT_OF_CONTROL,temperature,77.03,52.694,75.32,MEDIUM
2026-07-06 13:20:00,CNC-02,SPC_OUT_OF_CONTROL,temperature,84.13,52.694,75.32,MEDIUM
2026-07-06 13:20:00,CNC-02,SPEC_BREACH,temperature,84.13,45.0,78.0,HIGH
2026-07-06 13:21:00,CNC-02,SPC_OUT_OF_CONTROL,temperature,80.26,52.694,75.32,MEDIUM
2026-07-06 13:21:00,CNC-02,SPEC_BREACH,temperature,80.26,45.0,78.0,HIGH
2026-07-06 13:22:00,CNC-02,SPC_OUT_OF_CONTROL,temperature,81.72,52.694,75.32,MEDIUM
2026-07-06 13:22:00,CNC-02,SPEC_BREACH,temperature,81.72,45.0,78.0,HIGH
2026-07-06 13:23:00,CNC-02,SPC_OUT_OF_CONTROL,temperature,79.18,52.694,75.32,MEDIUM
2026-07-06 13:23:00,CNC-02,SPEC_BREACH,temperature,79.18,45.0,78.0,HIGH
2026-07-06 13:24:00,CNC-02,SPC_OUT_OF_CONTROL,temperature,80.69,52.694,75.32,MEDIUM
2026-07-06 13:24:00,CNC-02,SPEC_BREACH,temperature,80.69,45.0,78.0,HIGH
2026-07-06 13:25:00,CNC-02,SPC_OUT_OF_CONTROL,temperature,82.69,52.694,75.32,MEDIUM
2026-07-06 13:25:00,CNC-02,SPEC_BREACH,temperature,82.69,45.0,78.0,HIGH
2026-07-06 13:26:00,CNC-02,SPC_OUT_OF_CONTROL,temperature,84.43,52.694,75.32,MEDIUM
2026-07-06 13:26:00,CNC-02,SPEC_BREACH,temperature,84.43,45.0,78.0,HIGH
2026-07-06 13:27:00,CNC-02,SPC_OUT_OF_CONTROL,temperature,81.99,52.694,75.32,MEDIUM
2026-07-06 13:27:00,CNC-02,SPEC_BREACH,temperature,81.99,45.0,78.0,HIGH
2026-07-06 13:28:00,CNC-02,SPC_OUT_OF_CONTROL,temperature,80.59,52.694,75.32,MEDIUM
2026-07-06 13:28:00,CNC-02,SPEC_BREACH,temperature,80.59,45.0,78.0,HIGH
2026-07-06 13:29:00,CNC-02,SPC_OUT_OF_CONTROL,temperature,83.06,52.694,75.32,MEDIUM
2026-07-06 13:29:00,CNC-02,SPEC_BREACH,temperature,83.06,45.0,78.0,HIGH
2026-07-06 13:30:00,CNC-02,SPC_OUT_OF_CONTROL,temperature,84.63,52.694,75.32,MEDIUM
2026-07-06 13:30:00,CNC-02,SPEC_BREACH,temperature,84.63,45.0,78.0,HIGH
2026-07-06 13:31:00,CNC-02,SPC_OUT_OF_CONTROL,temperature,80.23,52.694,75.32,MEDIUM
2026-07-06 13:31:00,CNC-02,SPEC_BREACH,temperature,80.23,45.0,78.0,HIGH
2026-07-06 13:32:00,CNC-02,SPC_OUT_OF_CONTROL,temperature,78.45,52.694,75.32,MEDIUM
2026-07-06 13:32:00,CNC-02,SPEC_BREACH,temperature,78.45,45.0,78.0,HIGH
2026-07-06 16:57:00,PRESS-01,SPEC_BREACH,flow_rate,73.12,30.0,72.0,HIGH
2026-07-06 17:00:00,PRESS-01,SPEC_BREACH,temperature,43.02,45.0,78.0,HIGH
2026-07-06 17:00:00,PRESS-01,SPC_OUT_OF_CONTROL,temperature,43.02,43.746,72.919,MEDIUM
2026-07-06 19:46:00,CNC-01,SPC_OUT_OF_CONTROL,temperature,72.21,52.223,71.83,MEDIUM
2026-07-06 20:00:00,PRESS-01,SPEC_BREACH,flow_rate,72.32,30.0,72.0,HIGH
2026-07-06 21:26:00,PRESS-01,SPEC_BREACH,flow_rate,73.58,30.0,72.0,HIGH
2026-07-06 21:28:00,PRESS-01,SPC_OUT_OF_CONTROL,temperature,73.66,43.746,72.919,MEDIUM
2026-07-06 21:29:00,PRESS-01,SPC_OUT_OF_CONTROL,temperature,79.78,43.746,72.919,MEDIUM
2026-07-06 21:29:00,PRESS-01,SPEC_BREACH,temperature,79.78,45.0,78.0,HIGH
2026-07-06 21:31:00,PRESS-01,SPC_OUT_OF_CONTROL,temperature,80.54,43.746,72.919,MEDIUM
2026-07-06 21:31:00,PRESS-01,SPEC_BREACH,temperature,80.54,45.0,78.0,HIGH
2026-07-06 21:35:00,PRESS-01,SPC_OUT_OF_CONTROL,temperature,73.56,43.746,72.919,MEDIUM
2026-07-06 21:36:00,PRESS-01,SPC_OUT_OF_CONTROL,temperature,73.63,43.746,72.919,MEDIUM
2026-07-06 21:37:00,PRESS-01,SPEC_BREACH,temperature,79.02,45.0,78.0,HIGH
2026-07-06 21:37:00,PRESS-01,SPC_OUT_OF_CONTROL,temperature,79.02,43.746,72.919,MEDIUM
2026-07-06 21:38:00,PRESS-01,SPC_OUT_OF_CONTROL,temperature,73.23,43.746,72.919,MEDIUM
2026-07-06 21:39:00,PRESS-01,SPEC_BREACH,temperature,79.24,45.0,78.0,HIGH
2026-07-06 21:39:00,PRESS-01,SPC_OUT_OF_CONTROL,temperature,79.24,43.746,72.919,MEDIUM
2026-07-06 21:42:00,PRESS-01,SPEC_BREACH,temperature,81.7,45.0,78.0,HIGH
2026-07-06 21:42:00,PRESS-01,SPC_OUT_OF_CONTROL,temperature,81.7,43.746,72.919,MEDIUM
2026-07-06 21:43:00,PRESS-01,SPEC_BREACH,temperature,79.6,45.0,78.0,HIGH
2026-07-06 21:43:00,PRESS-01,SPC_OUT_OF_CONTROL,temperature,79.6,43.746,72.919,MEDIUM
2026-07-06 21:44:00,PRESS-01,SPC_OUT_OF_CONTROL,temperature,78.8,43.746,72.919,MEDIUM
2026-07-06 21:44:00,PRESS-01,SPEC_BREACH,temperature,78.8,45.0,78.0,HIGH
2026-07-06 21:46:00,PRESS-01,SPC_OUT_OF_CONTROL,temperature,74.0,43.746,72.919,MEDIUM
2026-07-06 21:47:00,PRESS-01,SPC_OUT_OF_CONTROL,temperature,72.95,43.746,72.919,MEDIUM
2026-07-06 21:48:00,PRESS-01,SPEC_BREACH,temperature,78.66,45.0,78.0,HIGH
2026-07-06 21:48:00,PRESS-01,SPC_OUT_OF_CONTROL,temperature,78.66,43.746,72.919,MEDIUM
2026-07-06 21:49:00,PRESS-01,SPC_OUT_OF_CONTROL,temperature,77.65,43.746,72.919,MEDIUM
2026-07-06 21:51:00,PRESS-01,SPEC_BREACH,temperature,79.72,45.0,78.0,HIGH
2026-07-06 21:51:00,PRESS-01,SPC_OUT_OF_CONTROL,temperature,79.72,43.746,72.919,MEDIUM
2026-07-06 21:52:00,PRESS-01,SPC_OUT_OF_CONTROL,temperature,75.96,43.746,72.919,MEDIUM
2026-07-06 21:53:00,PRESS-01,SPEC_BREACH,temperature,81.83,45.0,78.0,HIGH
2026-07-06 21:53:00,PRESS-01,SPC_OUT_OF_CONTROL,temperature,81.83,43.746,72.919,MEDIUM
2026-07-06 21:55:00,PRESS-01,SPC_OUT_OF_CONTROL,temperature,75.84,43.746,72.919,MEDIUM
2026-07-06 21:56:00,PRESS-01,SPC_OUT_OF_CONTROL,temperature,82.0,43.746,72.919,MEDIUM
2026-07-06 21:56:00,PRESS-01,SPEC_BREACH,temperature,82.0,45.0,78.0,HIGH
2026-07-06 21:57:00,PRESS-01,SPC_OUT_OF_CONTROL,temperature,77.35,43.746,72.919,MEDIUM
2026-07-06 21:58:00,PRESS-01,SPC_OUT_OF_CONTROL,temperature,77.18,43.746,72.919,MEDIUM
2026-07-06 21:59:00,PRESS-01,SPC_OUT_OF_CONTROL,temperature,82.58,43.746,72.919,MEDIUM
2026-07-06 21:59:00,PRESS-01,SPEC_BREACH,temperature,82.58,45.0,78.0,HIGH
2026-07-07 06:33:00,PRESS-01,SPEC_BREACH,pressure,9.568,4.0,9.5,HIGH
2026-07-07 06:36:00,PRESS-01,SPEC_BREACH,flow_rate,72.97,30.0,72.0,HIGH
2026-07-07 06:50:00,PRESS-01,SPEC_BREACH,flow_rate,74.42,30.0,72.0,HIGH
2026-07-07 06:56:00,PRESS-01,SPEC_BREACH,pressure,9.582,4.0,9.5,HIGH
2026-07-07 07:23:00,PRESS-01,SPEC_BREACH,energy,14.043,5.0,14.0,HIGH
2026-07-07 08:02:00,PRESS-01,SPEC_BREACH,flow_rate,76.01,30.0,72.0,HIGH
2026-07-07 09:05:00,PRESS-01,SPEC_BREACH,pressure,9.793,4.0,9.5,HIGH
2026-07-07 09:48:00,CNC-02,SPC_OUT_OF_CONTROL,temperature,52.25,52.694,75.32,MEDIUM
2026-07-07 09:52:00,CNC-02,SPC_OUT_OF_CONTROL,temperature,52.06,52.694,75.32,MEDIUM
2026-07-07 09:53:00,PRESS-01,SPEC_BREACH,flow_rate,73.14,30.0,72.0,HIGH
2026-07-07 09:56:00,CNC-02,SPC_OUT_OF_CONTROL,temperature,51.86,52.694,75.32,MEDIUM
2026-07-07 09:57:00,CNC-02,SPC_OUT_OF_CONTROL,temperature,50.3,52.694,75.32,MEDIUM
2026-07-07 10:04:00,CNC-02,SPC_OUT_OF_CONTROL,temperature,51.12,52.694,75.32,MEDIUM
2026-07-07 10:05:00,CNC-02,SPC_OUT_OF_CONTROL,temperature,52.28,52.694,75.32,MEDIUM
2026-07-07 10:07:00,CNC-02,SPC_OUT_OF_CONTROL,temperature,49.02,52.694,75.32,MEDIUM
2026-07-07 10:11:00,CNC-02,SPC_OUT_OF_CONTROL,temperature,51.11,52.694,75.32,MEDIUM
2026-07-07 10:13:00,CNC-02,SPC_OUT_OF_CONTROL,temperature,49.08,52.694,75.32,MEDIUM
2026-07-07 10:17:00,CNC-02,SPC_OUT_OF_CONTROL,temperature,51.87,52.694,75.32,MEDIUM
2026-07-07 10:18:00,CNC-02,SPC_OUT_OF_CONTROL,temperature,47.64,52.694,75.32,MEDIUM
2026-07-07 10:21:00,CNC-02,SPC_OUT_OF_CONTROL,temperature,48.76,52.694,75.32,MEDIUM
2026-07-07 10:23:00,CNC-02,SPC_OUT_OF_CONTROL,temperature,52.44,52.694,75.32,MEDIUM
2026-07-07 10:26:00,CNC-02,SPC_OUT_OF_CONTROL,temperature,50.52,52.694,75.32,MEDIUM
2026-07-07 10:27:00,CNC-02,SPC_OUT_OF_CONTROL,temperature,45.16,52.694,75.32,MEDIUM
2026-07-07 10:28:00,CNC-02,SPC_OUT_OF_CONTROL,temperature,51.38,52.694,75.32,MEDIUM
2026-07-07 10:29:00,CNC-02,SPC_OUT_OF_CONTROL,temperature,46.45,52.694,75.32,MEDIUM
2026-07-07 10:32:00,CNC-02,SPC_OUT_OF_CONTROL,temperature,51.34,52.694,75.32,MEDIUM
2026-07-07 10:35:00,CNC-02,SPC_OUT_OF_CONTROL,temperature,49.59,52.694,75.32,MEDIUM
2026-07-07 10:36:00,CNC-02,SPC_OUT_OF_CONTROL,temperature,48.71,52.694,75.32,MEDIUM
2026-07-07 10:37:00,CNC-02,SPC_OUT_OF_CONTROL,temperature,51.85,52.694,75.32,MEDIUM
2026-07-07 10:39:00,CNC-02,SPC_OUT_OF_CONTROL,temperature,52.03,52.694,75.32,MEDIUM
2026-07-07 10:40:00,CNC-02,SPC_OUT_OF_CONTROL,temperature,49.31,52.694,75.32,MEDIUM
2026-07-07 10:41:00,CNC-02,SPC_OUT_OF_CONTROL,temperature,46.59,52.694,75.32,MEDIUM
2026-07-07 10:42:00,CNC-02,SPC_OUT_OF_CONTROL,temperature,52.52,52.694,75.32,MEDIUM
2026-07-07 10:43:00,CNC-02,SPC_OUT_OF_CONTROL,temperature,46.06,52.694,75.32,MEDIUM
2026-07-07 10:44:00,CNC-02,SPC_OUT_OF_CONTROL,temperature,48.06,52.694,75.32,MEDIUM
2026-07-07 10:47:00,CNC-02,SPC_OUT_OF_CONTROL,temperature,47.35,52.694,75.32,MEDIUM
2026-07-07 10:48:00,CNC-02,SPC_OUT_OF_CONTROL,temperature,47.54,52.694,75.32,MEDIUM
2026-07-07 10:50:00,CNC-02,SPC_OUT_OF_CONTROL,temperature,46.0,52.694,75.32,MEDIUM
2026-07-07 10:51:00,CNC-02,SPC_OUT_OF_CONTROL,temperature,47.66,52.694,75.32,MEDIUM
2026-07-07 10:52:00,CNC-02,SPC_OUT_OF_CONTROL,temperature,49.35,52.694,75.32,MEDIUM
2026-07-07 10:53:00,CNC-02,SPC_OUT_OF_CONTROL,temperature,42.93,52.694,75.32,MEDIUM
2026-07-07 10:53:00,CNC-02,SPEC_BREACH,temperature,42.93,45.0,78.0,HIGH
2026-07-07 10:54:00,CNC-02,SPC_OUT_OF_CONTROL,temperature,52.29,52.694,75.32,MEDIUM
2026-07-07 10:55:00,CNC-02,SPC_OUT_OF_CONTROL,temperature,48.75,52.694,75.32,MEDIUM
2026-07-07 10:56:00,CNC-02,SPC_OUT_OF_CONTROL,temperature,46.96,52.694,75.32,MEDIUM
2026-07-07 10:57:00,CNC-02,SPC_OUT_OF_CONTROL,temperature,51.98,52.694,75.32,MEDIUM
2026-07-07 10:58:00,CNC-01,SPC_OUT_OF_CONTROL,temperature,72.18,52.223,71.83,MEDIUM
2026-07-07 10:59:00,CNC-02,SPC_OUT_OF_CONTROL,temperature,51.99,52.694,75.32,MEDIUM
2026-07-07 11:00:00,CNC-02,SPC_OUT_OF_CONTROL,temperature,47.48,52.694,75.32,MEDIUM
2026-07-07 11:00:00,CNC-01,SPEC_BREACH,temperature,81.0,45.0,78.0,HIGH
2026-07-07 11:00:00,CNC-01,SPC_OUT_OF_CONTROL,temperature,81.0,52.223,71.83,MEDIUM
2026-07-07 11:01:00,CNC-02,SPC_OUT_OF_CONTROL,temperature,47.07,52.694,75.32,MEDIUM
2026-07-07 11:02:00,CNC-01,SPEC_BREACH,temperature,78.12,45.0,78.0,HIGH
2026-07-07 11:02:00,CNC-01,SPC_OUT_OF_CONTROL,temperature,78.12,52.223,71.83,MEDIUM
2026-07-07 11:02:00,CNC-02,SPC_OUT_OF_CONTROL,temperature,44.97,52.694,75.32,MEDIUM
2026-07-07 11:02:00,CNC-02,SPEC_BREACH,temperature,44.97,45.0,78.0,HIGH
2026-07-07 11:03:00,CNC-02,SPC_OUT_OF_CONTROL,temperature,50.19,52.694,75.32,MEDIUM
2026-07-07 11:03:00,CNC-01,SPC_OUT_OF_CONTROL,temperature,80.08,52.223,71.83,MEDIUM
2026-07-07 11:03:00,CNC-01,SPEC_BREACH,temperature,80.08,45.0,78.0,HIGH
2026-07-07 11:04:00,CNC-02,SPC_OUT_OF_CONTROL,temperature,45.15,52.694,75.32,MEDIUM
2026-07-07 11:04:00,CNC-01,SPC_OUT_OF_CONTROL,temperature,75.14,52.223,71.83,MEDIUM
2026-07-07 11:05:00,CNC-01,SPC_OUT_OF_CONTROL,temperature,77.64,52.223,71.83,MEDIUM
2026-07-07 11:06:00,CNC-01,SPC_OUT_OF_CONTROL,temperature,74.07,52.223,71.83,MEDIUM
2026-07-07 11:06:00,CNC-02,SPC_OUT_OF_CONTROL,temperature,48.1,52.694,75.32,MEDIUM
2026-07-07 11:07:00,CNC-02,SPC_OUT_OF_CONTROL,temperature,44.31,52.694,75.32,MEDIUM
2026-07-07 11:07:00,CNC-02,SPEC_BREACH,temperature,44.31,45.0,78.0,HIGH
2026-07-07 11:08:00,CNC-01,SPEC_BREACH,temperature,78.61,45.0,78.0,HIGH
2026-07-07 11:08:00,CNC-01,SPC_OUT_OF_CONTROL,temperature,78.61,52.223,71.83,MEDIUM
2026-07-07 11:09:00,CNC-01,SPC_OUT_OF_CONTROL,temperature,73.92,52.223,71.83,MEDIUM
2026-07-07 11:10:00,CNC-01,SPC_OUT_OF_CONTROL,temperature,75.02,52.223,71.83,MEDIUM
2026-07-07 11:12:00,CNC-01,SPC_OUT_OF_CONTROL,temperature,76.25,52.223,71.83,MEDIUM
2026-07-07 11:13:00,CNC-01,SPC_OUT_OF_CONTROL,temperature,73.2,52.223,71.83,MEDIUM
2026-07-07 11:14:00,CNC-01,SPC_OUT_OF_CONTROL,temperature,76.24,52.223,71.83,MEDIUM
2026-07-07 11:15:00,CNC-01,SPEC_BREACH,temperature,78.21,45.0,78.0,HIGH
2026-07-07 11:15:00,CNC-01,SPC_OUT_OF_CONTROL,temperature,78.21,52.223,71.83,MEDIUM
2026-07-07 11:16:00,CNC-01,SPC_OUT_OF_CONTROL,temperature,73.46,52.223,71.83,MEDIUM
2026-07-07 11:17:00,CNC-01,SPEC_BREACH,temperature,78.46,45.0,78.0,HIGH
2026-07-07 11:17:00,CNC-01,SPC_OUT_OF_CONTROL,temperature,78.46,52.223,71.83,MEDIUM
2026-07-07 11:18:00,CNC-01,SPC_OUT_OF_CONTROL,temperature,72.91,52.223,71.83,MEDIUM
2026-07-07 11:19:00,CNC-01,SPC_OUT_OF_CONTROL,temperature,74.5,52.223,71.83,MEDIUM
2026-07-07 11:20:00,CNC-01,SPC_OUT_OF_CONTROL,temperature,72.38,52.223,71.83,MEDIUM
2026-07-07 11:21:00,CNC-01,SPC_OUT_OF_CONTROL,temperature,75.03,52.223,71.83,MEDIUM
2026-07-07 11:22:00,CNC-01,SPEC_BREACH,temperature,78.01,45.0,78.0,HIGH
2026-07-07 11:22:00,CNC-01,SPC_OUT_OF_CONTROL,temperature,78.01,52.223,71.83,MEDIUM
2026-07-07 11:23:00,CNC-01,SPEC_BREACH,temperature,79.76,45.0,78.0,HIGH
2026-07-07 11:23:00,CNC-01,SPC_OUT_OF_CONTROL,temperature,79.76,52.223,71.83,MEDIUM
2026-07-07 11:24:00,CNC-01,SPC_OUT_OF_CONTROL,temperature,72.74,52.223,71.83,MEDIUM
2026-07-07 11:25:00,CNC-01,SPC_OUT_OF_CONTROL,temperature,76.1,52.223,71.83,MEDIUM
2026-07-07 11:26:00,CNC-01,SPC_OUT_OF_CONTROL,temperature,77.01,52.223,71.83,MEDIUM
2026-07-07 11:27:00,CNC-01,SPC_OUT_OF_CONTROL,temperature,74.26,52.223,71.83,MEDIUM
2026-07-07 11:28:00,CNC-01,SPC_OUT_OF_CONTROL,temperature,73.09,52.223,71.83,MEDIUM
2026-07-07 11:29:00,CNC-01,SPEC_BREACH,temperature,80.47,45.0,78.0,HIGH
2026-07-07 11:29:00,CNC-01,SPC_OUT_OF_CONTROL,temperature,80.47,52.223,71.83,MEDIUM
2026-07-07 11:30:00,CNC-01,SPC_OUT_OF_CONTROL,temperature,75.46,52.223,71.83,MEDIUM
2026-07-07 11:31:00,CNC-01,SPEC_BREACH,temperature,78.28,45.0,78.0,HIGH
2026-07-07 11:31:00,CNC-01,SPC_OUT_OF_CONTROL,temperature,78.28,52.223,71.83,MEDIUM
2026-07-07 11:32:00,CNC-01,SPC_OUT_OF_CONTROL,temperature,75.71,52.223,71.83,MEDIUM
2026-07-07 11:33:00,CNC-01,SPC_OUT_OF_CONTROL,temperature,77.16,52.223,71.83,MEDIUM
2026-07-07 11:34:00,CNC-01,SPC_OUT_OF_CONTROL,temperature,80.82,52.223,71.83,MEDIUM
2026-07-07 11:34:00,CNC-01,SPEC_BREACH,temperature,80.82,45.0,78.0,HIGH
2026-07-07 11:35:00,CNC-01,SPC_OUT_OF_CONTROL,temperature,74.73,52.223,71.83,MEDIUM
2026-07-07 11:36:00,CNC-01,SPC_OUT_OF_CONTROL,temperature,74.5,52.223,71.83,MEDIUM
2026-07-07 11:37:00,CNC-01,SPEC_BREACH,temperature,79.67,45.0,78.0,HIGH
2026-07-07 11:37:00,CNC-01,SPC_OUT_OF_CONTROL,temperature,79.67,52.223,71.83,MEDIUM
2026-07-07 11:38:00,CNC-01,SPC_OUT_OF_CONTROL,temperature,74.65,52.223,71.83,MEDIUM
2026-07-07 11:39:00,CNC-01,SPC_OUT_OF_CONTROL,temperature,75.64,52.223,71.83,MEDIUM
2026-07-07 11:40:00,CNC-01,SPEC_BREACH,temperature,78.39,45.0,78.0,HIGH
2026-07-07 11:40:00,CNC-01,SPC_OUT_OF_CONTROL,temperature,78.39,52.223,71.83,MEDIUM
2026-07-07 11:41:00,CNC-01,SPC_OUT_OF_CONTROL,temperature,83.12,52.223,71.83,MEDIUM
2026-07-07 11:41:00,CNC-01,SPEC_BREACH,temperature,83.12,45.0,78.0,HIGH
2026-07-07 11:42:00,CNC-01,SPC_OUT_OF_CONTROL,temperature,74.57,52.223,71.83,MEDIUM
2026-07-07 11:43:00,CNC-01,SPEC_BREACH,temperature,80.13,45.0,78.0,HIGH
2026-07-07 11:43:00,CNC-01,SPC_OUT_OF_CONTROL,temperature,80.13,52.223,71.83,MEDIUM
2026-07-07 11:44:00,CNC-01,SPC_OUT_OF_CONTROL,temperature,77.8,52.223,71.83,MEDIUM
2026-07-07 11:45:00,CNC-01,SPC_OUT_OF_CONTROL,temperature,76.37,52.223,71.83,MEDIUM
2026-07-07 11:46:00,CNC-01,SPC_OUT_OF_CONTROL,temperature,80.89,52.223,71.83,MEDIUM
2026-07-07 11:46:00,CNC-01,SPEC_BREACH,temperature,80.89,45.0,78.0,HIGH
2026-07-07 11:47:00,CNC-01,SPC_OUT_OF_CONTROL,temperature,74.49,52.223,71.83,MEDIUM
2026-07-07 11:48:00,CNC-01,SPC_OUT_OF_CONTROL,temperature,79.69,52.223,71.83,MEDIUM
2026-07-07 11:48:00,CNC-01,SPEC_BREACH,temperature,79.69,45.0,78.0,HIGH
2026-07-07 11:49:00,CNC-01,SPC_OUT_OF_CONTROL,temperature,77.31,52.223,71.83,MEDIUM
2026-07-07 12:16:00,PRESS-01,SPEC_BREACH,flow_rate,73.84,30.0,72.0,HIGH
2026-07-07 12:20:00,PRESS-01,SPEC_BREACH,flow_rate,72.45,30.0,72.0,HIGH
2026-07-07 12:28:00,PRESS-01,SPEC_BREACH,flow_rate,73.18,30.0,72.0,HIGH
2026-07-07 13:07:00,PRESS-01,SPEC_BREACH,flow_rate,72.35,30.0,72.0,HIGH
2026-07-07 16:14:00,PRESS-01,SPEC_BREACH,flow_rate,76.79,30.0,72.0,HIGH
2026-07-07 18:59:00,PRESS-01,SPEC_BREACH,flow_rate,72.2,30.0,72.0,HIGH
2026-07-07 21:30:00,PRESS-01,SPEC_BREACH,flow_rate,72.61,30.0,72.0,HIGH
2026-07-08 06:50:00,PRESS-01,SPEC_BREACH,flow_rate,74.56,30.0,72.0,HIGH
2026-07-08 07:52:00,PRESS-01,SPEC_BREACH,flow_rate,72.98,30.0,72.0,HIGH
2026-07-08 07:55:00,PRESS-01,SPEC_BREACH,flow_rate,73.95,30.0,72.0,HIGH
2026-07-08 08:01:00,CNC-02,SPEC_BREACH,motor_current,7.24,8.0,28.0,HIGH
2026-07-08 08:10:00,CNC-02,SPEC_BREACH,motor_current,7.82,8.0,28.0,HIGH
2026-07-08 08:13:00,CNC-02,SPEC_BREACH,motor_current,7.67,8.0,28.0,HIGH
2026-07-08 08:15:00,CNC-02,SPEC_BREACH,motor_current,7.99,8.0,28.0,HIGH
2026-07-08 08:17:00,CNC-02,SPEC_BREACH,motor_current,7.33,8.0,28.0,HIGH
2026-07-08 08:18:00,CNC-02,SPEC_BREACH,motor_current,7.85,8.0,28.0,HIGH
2026-07-08 08:20:00,CNC-02,SPEC_BREACH,motor_current,6.72,8.0,28.0,HIGH
2026-07-08 08:24:00,CNC-02,SPEC_BREACH,motor_current,6.97,8.0,28.0,HIGH
2026-07-08 08:25:00,CNC-02,SPEC_BREACH,motor_current,7.9,8.0,28.0,HIGH
2026-07-08 08:26:00,CNC-02,SPEC_BREACH,motor_current,7.34,8.0,28.0,HIGH
2026-07-08 08:27:00,CNC-02,SPEC_BREACH,motor_current,6.49,8.0,28.0,HIGH
2026-07-08 08:29:00,CNC-02,SPEC_BREACH,motor_current,7.25,8.0,28.0,HIGH
2026-07-08 08:30:00,CNC-02,SPEC_BREACH,motor_current,6.56,8.0,28.0,HIGH
2026-07-08 08:34:00,PRESS-01,SPEC_BREACH,pressure,9.597,4.0,9.5,HIGH
2026-07-08 08:54:00,PRESS-01,SPEC_BREACH,flow_rate,72.88,30.0,72.0,HIGH
2026-07-08 10:01:00,PRESS-01,SPEC_BREACH,flow_rate,73.01,30.0,72.0,HIGH
2026-07-08 11:13:00,PRESS-01,SPEC_BREACH,pressure,10.099,4.0,9.5,HIGH
2026-07-08 11:14:00,PRESS-01,SPEC_BREACH,pressure,9.762,4.0,9.5,HIGH
2026-07-08 11:15:00,PRESS-01,SPEC_BREACH,pressure,10.189,4.0,9.5,HIGH
2026-07-08 11:16:00,PRESS-01,SPEC_BREACH,pressure,10.236,4.0,9.5,HIGH
2026-07-08 11:17:00,PRESS-01,SPEC_BREACH,pressure,10.396,4.0,9.5,HIGH
2026-07-08 11:18:00,PRESS-01,SPEC_BREACH,pressure,10.729,4.0,9.5,HIGH
2026-07-08 11:19:00,PRESS-01,SPEC_BREACH,pressure,10.33,4.0,9.5,HIGH
2026-07-08 11:20:00,PRESS-01,SPEC_BREACH,pressure,10.466,4.0,9.5,HIGH
2026-07-08 11:21:00,PRESS-01,SPEC_BREACH,pressure,10.672,4.0,9.5,HIGH
2026-07-08 11:22:00,PRESS-01,SPEC_BREACH,pressure,10.642,4.0,9.5,HIGH
2026-07-08 11:23:00,PRESS-01,SPEC_BREACH,pressure,10.323,4.0,9.5,HIGH
2026-07-08 11:24:00,PRESS-01,SPEC_BREACH,pressure,11.055,4.0,9.5,HIGH
2026-07-08 11:25:00,PRESS-01,SPEC_BREACH,pressure,10.643,4.0,9.5,HIGH
2026-07-08 11:26:00,PRESS-01,SPEC_BREACH,pressure,9.937,4.0,9.5,HIGH
2026-07-08 11:27:00,PRESS-01,SPEC_BREACH,pressure,10.021,4.0,9.5,HIGH
2026-07-08 11:29:00,PRESS-01,SPEC_BREACH,pressure,9.664,4.0,9.5,HIGH
2026-07-08 11:30:00,CNC-02,SPEC_BREACH,pressure,3.708,4.0,9.5,HIGH
2026-07-08 11:30:00,PRESS-01,SPEC_BREACH,pressure,10.283,4.0,9.5,HIGH
2026-07-08 11:31:00,CNC-02,SPEC_BREACH,pressure,3.631,4.0,9.5,HIGH
2026-07-08 11:31:00,PRESS-01,SPEC_BREACH,pressure,10.287,4.0,9.5,HIGH
2026-07-08 11:33:00,PRESS-01,SPEC_BREACH,pressure,10.041,4.0,9.5,HIGH
2026-07-08 11:33:00,PRESS-01,SPEC_BREACH,energy,14.138,5.0,14.0,HIGH
2026-07-08 11:33:00,CNC-02,SPEC_BREACH,pressure,3.691,4.0,9.5,HIGH
2026-07-08 11:34:00,PRESS-01,SPEC_BREACH,pressure,10.209,4.0,9.5,HIGH
2026-07-08 11:35:00,PRESS-01,SPEC_BREACH,pressure,10.65,4.0,9.5,HIGH
2026-07-08 11:36:00,PRESS-01,SPEC_BREACH,pressure,10.527,4.0,9.5,HIGH
2026-07-08 11:36:00,CNC-02,SPEC_BREACH,pressure,3.944,4.0,9.5,HIGH
2026-07-08 11:37:00,PRESS-01,SPEC_BREACH,pressure,10.871,4.0,9.5,HIGH
2026-07-08 11:38:00,PRESS-01,SPEC_BREACH,pressure,9.747,4.0,9.5,HIGH
2026-07-08 11:38:00,CNC-02,SPEC_BREACH,pressure,3.394,4.0,9.5,HIGH
2026-07-08 11:39:00,CNC-02,SPEC_BREACH,pressure,3.05,4.0,9.5,HIGH
2026-07-08 11:39:00,PRESS-01,SPEC_BREACH,pressure,9.957,4.0,9.5,HIGH
2026-07-08 11:40:00,CNC-02,SPEC_BREACH,pressure,3.787,4.0,9.5,HIGH
2026-07-08 11:40:00,PRESS-01,SPEC_BREACH,pressure,9.763,4.0,9.5,HIGH
2026-07-08 11:41:00,PRESS-01,SPEC_BREACH,pressure,10.847,4.0,9.5,HIGH
2026-07-08 11:41:00,CNC-02,SPEC_BREACH,pressure,3.385,4.0,9.5,HIGH
2026-07-08 11:42:00,CNC-02,SPEC_BREACH,pressure,3.62,4.0,9.5,HIGH
2026-07-08 11:42:00,PRESS-01,SPEC_BREACH,pressure,10.495,4.0,9.5,HIGH
2026-07-08 11:43:00,CNC-02,SPEC_BREACH,pressure,3.733,4.0,9.5,HIGH
2026-07-08 11:43:00,PRESS-01,SPEC_BREACH,pressure,10.979,4.0,9.5,HIGH
2026-07-08 11:44:00,PRESS-01,SPEC_BREACH,flow_rate,74.08,30.0,72.0,HIGH
2026-07-08 11:44:00,CNC-02,SPEC_BREACH,pressure,3.999,4.0,9.5,HIGH
2026-07-08 11:44:00,PRESS-01,SPEC_BREACH,pressure,10.686,4.0,9.5,HIGH
2026-07-08 11:45:00,CNC-02,SPEC_BREACH,pressure,3.874,4.0,9.5,HIGH
2026-07-08 11:45:00,PRESS-01,SPEC_BREACH,pressure,10.904,4.0,9.5,HIGH
2026-07-08 11:46:00,CNC-02,SPEC_BREACH,pressure,3.339,4.0,9.5,HIGH
2026-07-08 11:46:00,PRESS-01,SPEC_BREACH,pressure,10.635,4.0,9.5,HIGH
2026-07-08 11:47:00,PRESS-01,SPEC_BREACH,pressure,11.124,4.0,9.5,HIGH
2026-07-08 11:47:00,CNC-02,SPEC_BREACH,pressure,3.086,4.0,9.5,HIGH
2026-07-08 11:48:00,PRESS-01,SPEC_BREACH,pressure,11.336,4.0,9.5,HIGH
2026-07-08 11:48:00,CNC-02,SPEC_BREACH,pressure,3.536,4.0,9.5,HIGH
2026-07-08 11:49:00,PRESS-01,SPEC_BREACH,pressure,10.93,4.0,9.5,HIGH
2026-07-08 11:49:00,CNC-02,SPEC_BREACH,pressure,3.301,4.0,9.5,HIGH
2026-07-08 11:50:00,PRESS-01,SPEC_BREACH,pressure,11.428,4.0,9.5,HIGH
2026-07-08 11:50:00,CNC-02,SPEC_BREACH,pressure,3.512,4.0,9.5,HIGH
2026-07-08 11:51:00,PRESS-01,SPEC_BREACH,pressure,10.537,4.0,9.5,HIGH
2026-07-08 11:51:00,CNC-02,SPEC_BREACH,pressure,3.555,4.0,9.5,HIGH
2026-07-08 11:52:00,PRESS-01,SPEC_BREACH,pressure,11.45,4.0,9.5,HIGH
2026-07-08 11:53:00,PRESS-01,SPEC_BREACH,pressure,10.331,4.0,9.5,HIGH
2026-07-08 11:54:00,CNC-02,SPEC_BREACH,pressure,3.685,4.0,9.5,HIGH
2026-07-08 11:54:00,PRESS-01,SPEC_BREACH,pressure,11.639,4.0,9.5,HIGH
2026-07-08 11:55:00,CNC-02,SPEC_BREACH,pressure,2.809,4.0,9.5,HIGH
2026-07-08 11:55:00,PRESS-01,SPEC_BREACH,pressure,10.934,4.0,9.5,HIGH
2026-07-08 11:56:00,PRESS-01,SPEC_BREACH,pressure,11.744,4.0,9.5,HIGH
2026-07-08 11:56:00,CNC-02,SPEC_BREACH,pressure,2.978,4.0,9.5,HIGH
2026-07-08 11:57:00,CNC-02,SPEC_BREACH,pressure,3.105,4.0,9.5,HIGH
2026-07-08 11:57:00,PRESS-01,SPEC_BREACH,pressure,11.567,4.0,9.5,HIGH
2026-07-08 11:58:00,PRESS-01,SPEC_BREACH,pressure,10.648,4.0,9.5,HIGH
2026-07-08 11:58:00,CNC-02,SPEC_BREACH,pressure,3.233,4.0,9.5,HIGH
2026-07-08 11:59:00,CNC-02,SPEC_BREACH,pressure,3.544,4.0,9.5,HIGH
2026-07-08 11:59:00,PRESS-01,SPEC_BREACH,pressure,12.034,4.0,9.5,HIGH
2026-07-08 12:00:00,CNC-02,SPEC_BREACH,pressure,3.833,4.0,9.5,HIGH
2026-07-08 12:01:00,CNC-02,SPEC_BREACH,pressure,3.92,4.0,9.5,HIGH
2026-07-08 12:02:00,CNC-02,SPEC_BREACH,pressure,3.601,4.0,9.5,HIGH
2026-07-08 12:03:00,CNC-02,SPEC_BREACH,pressure,3.395,4.0,9.5,HIGH
2026-07-08 12:04:00,CNC-02,SPEC_BREACH,pressure,3.097,4.0,9.5,HIGH
2026-07-08 12:05:00,CNC-02,SPEC_BREACH,pressure,3.192,4.0,9.5,HIGH
2026-07-08 12:06:00,CNC-02,SPEC_BREACH,pressure,3.274,4.0,9.5,HIGH
2026-07-08 12:07:00,CNC-02,SPEC_BREACH,pressure,3.32,4.0,9.5,HIGH
2026-07-08 12:08:00,CNC-02,SPEC_BREACH,pressure,3.458,4.0,9.5,HIGH
2026-07-08 12:09:00,CNC-02,SPEC_BREACH,pressure,3.364,4.0,9.5,HIGH
2026-07-08 12:10:00,CNC-02,SPEC_BREACH,pressure,3.512,4.0,9.5,HIGH
2026-07-08 12:11:00,CNC-02,SPEC_BREACH,pressure,3.56,4.0,9.5,HIGH
2026-07-08 12:12:00,CNC-02,SPEC_BREACH,pressure,3.546,4.0,9.5,HIGH
2026-07-08 12:13:00,CNC-02,SPEC_BREACH,pressure,2.7,4.0,9.5,HIGH
2026-07-08 12:15:00,CNC-02,SPEC_BREACH,pressure,3.672,4.0,9.5,HIGH
2026-07-08 12:16:00,CNC-02,SPEC_BREACH,pressure,3.21,4.0,9.5,HIGH
2026-07-08 12:17:00,CNC-02,SPEC_BREACH,pressure,3.237,4.0,9.5,HIGH
2026-07-08 12:18:00,CNC-02,SPEC_BREACH,pressure,3.886,4.0,9.5,HIGH
2026-07-08 12:19:00,CNC-02,SPEC_BREACH,pressure,3.777,4.0,9.5,HIGH
2026-07-08 12:20:00,CNC-02,SPEC_BREACH,pressure,3.277,4.0,9.5,HIGH
2026-07-08 12:21:00,CNC-02,SPEC_BREACH,pressure,3.309,4.0,9.5,HIGH
2026-07-08 12:22:00,CNC-02,SPEC_BREACH,pressure,2.305,4.0,9.5,HIGH
2026-07-08 12:23:00,CNC-02,SPEC_BREACH,pressure,2.844,4.0,9.5,HIGH
2026-07-08 12:24:00,CNC-02,SPEC_BREACH,pressure,3.403,4.0,9.5,HIGH
2026-07-08 13:48:00,PRESS-01,SPEC_BREACH,flow_rate,72.61,30.0,72.0,HIGH
2026-07-08 14:18:00,CNC-02,SPEC_BREACH,pressure,3.864,4.0,9.5,HIGH
2026-07-08 14:30:00,CNC-01,SPC_OUT_OF_CONTROL,temperature,51.74,52.223,71.83,MEDIUM
2026-07-08 14:43:00,PRESS-01,SPEC_BREACH,flow_rate,75.76,30.0,72.0,HIGH
2026-07-08 15:12:00,PRESS-01,SPEC_BREACH,flow_rate,74.29,30.0,72.0,HIGH
2026-07-08 15:41:00,PRESS-01,SPEC_BREACH,temperature,43.98,45.0,78.0,HIGH
2026-07-08 17:52:00,PRESS-01,SPEC_BREACH,pressure,9.533,4.0,9.5,HIGH
2026-07-08 21:01:00,CNC-01,SPC_OUT_OF_CONTROL,temperature,52.09,52.223,71.83,MEDIUM
